content,postUrl,isPromotional,contentPreview,platformPostId,status,ds_sk,rawContent,_version,commentCount,_ttl,postType,mediaUrls,thumbnailUrl,processingStatus,id,socialAccountId,tags,__typename,linkedGameCount,_lastChangedAt,ds_pk,accountProfileImageUrl,reactionCount,scrapedAt,isTournamentRelated,isPinned,createdAt,likeCount,shareCount,platform,updatedAt,accountName,postedAt,hasUnverifiedLinks,isTournamentResult,userAgent,action,userId,details,resource
"üî• THURSDAY GRIND at STG ‚Äì $7,500 GTD! üî•
Join us this Thursday for an exciting $7,500 GUARANTEED prize pool at Kings Room St.George Leagues Club!
Prizepool includes 9 x $250 Sydney Millions credit (can be used at any event during the Series)
üéâ BADBEAT Jackpot: $16377.2 CASH!
üéü Buy-in: $120 (Fully Dealt, $98 + $22)
üîπ Unlimited Re-Entries
üîπ Starting Stack: 30,000 chips
üîπ Blinds: 20-minute levels
‚è∞ Start Time: 6:30 PM | Late Registration: Until 9:40 PM
üìç Venue: Kings Room, St.George Leagues Club
üîó Full Details: https://kingsroom.com.au",https://www.facebook.com/photo/?fbid=24158934747141473&set=a.304891486305800,true,"üî• THURSDAY GRIND at STG ‚Äì $7,500 GTD! üî•
Join us this Thursday for an exciting $7,500 GUARANTEED prize pool at Kings Room St.George Leagues Club!
Prizepool includes 9 x $250 Sydney Millions credit (c",24158934747141473,ACTIVE,06:40:18.988:FACEBOOK_24158934747141473:1,"{""storyId"":null,""fullPath"":""kings_natan/20250828_KingsNatan_24158934747141473_THURSDAYGRINDatSTG7500GTDJoinu"",""comments"":[],""reactionsCount"":0,""author"":{""name"":""Kings Natan"",""id"":""kings.natan"",""avatar"":""https://scontent-syd2-1.xx.fbcdn.net/v/t39.30808-6/540112666_24158934757141472_1994248398554384579_n.jpg?stp=cp6_dst-jpg_s1080x2048_tt6&_nc_cat=100&ccb=1-7&_nc_sid=127cfc&_nc_ohc=m6VSaAKc9IcQ7kNvwEodzcn&_nc_oc=AdkdlIoGu49s_RPFJYbOGnszIP5iOp9s8Oa1SpYvV64Y5LMisfq7722rC979huRugMs&_nc_zt=23&_nc_ht=scontent-syd2-1.xx&_nc_gid=Jw2PWgvZaFaBVefJvOKM-Q&oh=00_AfmG0ylKv7XcUS4RY1I7cPZ7N7MgtmWOkFa2TZtFwW2WHw&oe=69542C2C"",""profile"":""https://www.facebook.com/kings.natan""},""mbasicUrl"":""https://mbasic.facebook.com/photo.php?fbid=24158934747141473"",""feedbackId"":null,""_parsed"":{""metadata"":{""buyIn"":120,""gameTypes"":[],""prizePool"":7500},""placements"":[],""matchedPatterns"":[{""name"":""upcomingDay"",""type"":""high"",""category"":""promo""},{""name"":""joinUs"",""type"":""high"",""category"":""promo""},{""name"":""buyInAnnouncement"",""type"":""high"",""category"":""promo""},{""name"":""unlimitedReentries"",""type"":""high"",""category"":""promo""},{""name"":""lateRegistration"",""type"":""high"",""category"":""promo""},{""name"":""startsAt"",""type"":""high"",""category"":""promo""},{""name"":""guaranteedMention"",""type"":""medium"",""category"":""promo""},{""name"":""prizePoolMention"",""type"":""medium"",""category"":""promo""}],""postType"":""PROMOTIONAL"",""prizes"":[{""context"":""Series)\nüéâ BADBEAT Jackpot: $16377.2 CASH!\nüéü Buy-in: $120 (Ful"",""raw"":""$16377"",""amount"":16377},{""context"":""üî• THURSDAY GRIND at STG ‚Äì $7,500 GTD! üî•\nJoin us this Thursday"",""raw"":""$7,500"",""amount"":7500},{""context"":""üî• THURSDAY GRIND at STG ‚Äì $7,500 GTD! üî•\nJoin us this Thursday"",""raw"":""$7,500"",""amount"":7500},{""context"":""Club!\nPrizepool includes 9 x $250 Sydney Millions credit (can b"",""raw"":""$250"",""amount"":250},{""context"":""t: $16377.2 CASH!\nüéü Buy-in: $120 (Fully Dealt, $98 + $22)\nüîπ"",""raw"":""$120"",""amount"":120},{""context"":""üéü Buy-in: $120 (Fully Dealt, $98 + $22)\nüîπ Unlimited Re-Entri"",""raw"":""$98"",""amount"":98},{""context"":""-in: $120 (Fully Dealt, $98 + $22)\nüîπ Unlimited Re-Entries\nüîπ"",""raw"":""$22"",""amount"":22}],""confidence"":100},""content"":""üî• THURSDAY GRIND at STG ‚Äì $7,500 GTD! üî•\nJoin us this Thursday for an exciting $7,500 GUARANTEED prize pool at Kings Room St.George Leagues Club!\nPrizepool includes 9 x $250 Sydney Millions credit (can be used at any event during the Series)\nüéâ BADBEAT Jackpot: $16377.2 CASH!\nüéü Buy-in: $120 (Fully Dealt, $98 + $22)\nüîπ Unlimited Re-Entries\nüîπ Starting Stack: 30,000 chips\nüîπ Blinds: 20-minute levels\n‚è∞ Start Time: 6:30 PM | Late Registration: Until 9:40 PM\nüìç Venue: Kings Room, St.George Leagues Club\nüîó Full Details: https://kingsroom.com.au"",""url"":""https://www.facebook.com/photo/?fbid=24158934747141473&set=a.304891486305800"",""platform"":""FACEBOOK"",""commentCount"":0,""attachmentsDetails"":[{""localPath"":""kings_natan/20250828_KingsNatan_24158934747141473_THURSDAYGRINDatSTG7500GTDJoinu/attachments/540112666_24158934757141472_1994248398554384579_n.jpg"",""createdAt"":1756342560,""caption"":""üî• THURSDAY GRIND at STG ‚Äì $7,500 GTD! üî•\nJoin us this Thursday for an exciting $7,500 GUARANTEED prize pool at Kings Room St.George Leagues Club!\nPrizepool includes 9 x $250 Sydney Millions credit (can be used at any event during the Series)\nüéâ BADBEAT Jackpot: $16377.2 CASH!\nüéü Buy-in: $120 (Fully Dealt, $98 + $22)\nüîπ Unlimited Re-Entries\nüîπ Starting Stack: 30,000 chips\nüîπ Blinds: 20-minute levels\n‚è∞ Start Time: 6:30 PM | Late Registration: Until 9:40 PM\nüìç Venue: Kings Room, St.George Le"",""id"":""24158934747141473"",""href"":""https://scontent-syd2-1.xx.fbcdn.net/v/t39.30808-6/540112666_24158934757141472_1994248398554384579_n.jpg?stp=cp6_dst-jpg_s1080x2048_tt6&_nc_cat=100&ccb=1-7&_nc_sid=127cfc&_nc_ohc=m6VSaAKc9IcQ7kNvwEodzcn&_nc_oc=AdkdlIoGu49s_RPFJYbOGnszIP5iOp9s8Oa1SpYvV64Y5LMisfq7722rC979huRugMs&_nc_zt=23&_nc_ht=scontent-syd2-1.xx&_nc_gid=Jw2PWgvZaFaBVefJvOKM-Q&oh=00_AfmG0ylKv7XcUS4RY1I7cPZ7N7MgtmWOkFa2TZtFwW2WHw&oe=69542C2C"",""accessibilityCaption"":""No photo description available.""}],""shareCount"":0,""createdAt"":1756342560,""_attachments"":[""540112666_24158934757141472_1994248398554384579_n.jpg""],""parentFolder"":""kings_natan"",""_uploadedAttachments"":{""count"":1,""uploadedAt"":""2025-12-27T06:40:17.548Z"",""urls"":[""https://pokerpro-scraper-storage.s3.ap-southeast-2.amazonaws.com/social-media/post-attachments/ecefabae-4f56-4648-85ac-7458244277d2/24158934747141473/1766817617552-cqi7p1-540112666_24158934757141472_1994248398554384579_n.jpg""]},""post_id"":""24158934747141473"",""postedAt"":""2025-08-28T00:56:00.000Z"",""scrapedAt"":""2025-12-26T10:08:28.500Z"",""folderName"":""20250828_KingsNatan_24158934747141473_THURSDAYGRINDatSTG7500GTDJoinu"",""attachedStoryAttachments"":null}",1,0,1766819419,IMAGE,"[""https://pokerpro-scraper-storage.s3.ap-southeast-2.amazonaws.com/social-media/post-attachments/ecefabae-4f56-4648-85ac-7458244277d2/24158934747141473/1766817617552-cqi7p1-540112666_24158934757141472_1994248398554384579_n.jpg""]",https://pokerpro-scraper-storage.s3.ap-southeast-2.amazonaws.com/social-media/post-attachments/ecefabae-4f56-4648-85ac-7458244277d2/24158934747141473/1766817617552-cqi7p1-540112666_24158934757141472_1994248398554384579_n.jpg,PENDING,FACEBOOK_24158934747141473,ecefabae-4f56-4648-85ac-7458244277d2,"[""promotional"",""has-prize-pool"",""venue-detected""]",SocialPost,0,1766817618988,SocialPost-fosb7ek5argnhctz4odpt52eia-staging:2025-12-27,https://pokerpro-scraper-storage.s3.ap-southeast-2.amazonaws.com/social-media/page-logos/ecefabae-4f56-4648-85ac-7458244277d2/kings-natan-logo.jpg,0,2025-12-27T06:40:17.548Z,true,false,2025-12-27T06:40:18.959Z,0,0,FACEBOOK,2025-12-27T06:40:18.959Z,Kings.Natan,2025-08-28T00:56:00.000Z,false,false,,,,,
"‚ô¶Ô∏è St George Leagues Thursday Grind ‚ô¶Ô∏è
The Thursday Grind at St George Leagues is off and running with 8 entries to start off the first level. Plenty of time to come down and rego into our $7250 GTD tournament with late rego until 9:40pm.
$120 entry
30k starting stack
Unlimited re-buys
Late registration open until 9:40pm
8/8 entries remaining
Top 9 will receive $250 Sydney Million credits on top of their cash prizes as part of the $7250 GTD.
Find more details;
https://kingsroom.com.au/tournament/?id=1054",https://www.facebook.com/photo/?fbid=746910898136115&set=a.119873364173208,true,"‚ô¶Ô∏è St George Leagues Thursday Grind ‚ô¶Ô∏è
The Thursday Grind at St George Leagues is off and running with 8 entries to start off the first level. Plenty of time to come down and rego into our $7250 GTD t",746910898136115,ACTIVE,06:40:23.809:FACEBOOK_746910898136115:1,"{""storyId"":null,""fullPath"":""kings_natan/20250828_KingsNatan_746910898136115_StGeorgeLeaguesThursdayGrindTh"",""comments"":[],""reactionsCount"":0,""author"":{""name"":""Kings Natan"",""id"":""kings.natan"",""avatar"":""https://scontent-syd2-1.xx.fbcdn.net/v/t39.30808-6/515438261_746910901469448_5994246491962127238_n.jpg?stp=cp6_dst-jpg_tt6&_nc_cat=100&ccb=1-7&_nc_sid=833d8c&_nc_ohc=35K898zR170Q7kNvwGa-PPy&_nc_oc=AdnnaJ7kckSENRlL3YtVWSIRBxzwSetxBQ2rWaZdjWXBNRm4WzfXNt_tRULSJ0I8lNo&_nc_zt=23&_nc_ht=scontent-syd2-1.xx&_nc_gid=OFnS_YoOSUzSXZ36U2UMhA&oh=00_AflR3z4qaI6Ml7RArq8rULKD78aQVAHGZ1XGFYNC2OuC2g&oe=695445C5"",""profile"":""https://www.facebook.com/kings.natan""},""mbasicUrl"":""https://mbasic.facebook.com/photo.php?fbid=746910898136115"",""feedbackId"":null,""_parsed"":{""metadata"":{""buyIn"":120,""entries"":8,""gameTypes"":[],""prizePool"":7250},""placements"":[{""name"":""level"",""place"":1,""prizeRaw"":null,""prize"":null}],""matchedPatterns"":[{""name"":""placementMention"",""type"":""medium"",""category"":""result""},{""name"":""entriesMention"",""type"":""medium"",""category"":""result""},{""name"":""lateRegistration"",""type"":""high"",""category"":""promo""},{""name"":""entryPriceFormat"",""type"":""high"",""category"":""promo""},{""name"":""guaranteedMention"",""type"":""medium"",""category"":""promo""}],""postType"":""PROMOTIONAL"",""prizes"":[{""context"":""o come down and rego into our $7250 GTD tournament with late rego"",""raw"":""$7250"",""amount"":7250},{""context"":""o come down and rego into our $7250 GTD tournament with late rego"",""raw"":""$7250"",""amount"":7250},{""context"":""remaining\nTop 9 will receive $250 Sydney Million credits on top"",""raw"":""$250"",""amount"":250},{""context"":""with late rego until 9:40pm.\n$120 entry\n30k starting stack\nUnli"",""raw"":""$120"",""amount"":120}],""confidence"":84},""content"":""‚ô¶Ô∏è St George Leagues Thursday Grind ‚ô¶Ô∏è\nThe Thursday Grind at St George Leagues is off and running with 8 entries to start off the first level. Plenty of time to come down and rego into our $7250 GTD tournament with late rego until 9:40pm.\n$120 entry\n30k starting stack\nUnlimited re-buys\nLate registration open until 9:40pm\n8/8 entries remaining\nTop 9 will receive $250 Sydney Million credits on top of their cash prizes as part of the $7250 GTD.\nFind more details;\nhttps://kingsroom.com.au/tournament/?id=1054"",""url"":""https://www.facebook.com/photo/?fbid=746910898136115&set=a.119873364173208"",""platform"":""FACEBOOK"",""commentCount"":0,""attachmentsDetails"":[{""localPath"":""kings_natan/20250828_KingsNatan_746910898136115_StGeorgeLeaguesThursdayGrindTh/attachments/515438261_746910901469448_5994246491962127238_n.jpg"",""createdAt"":1756371240,""caption"":""‚ô¶Ô∏è St George Leagues Thursday Grind ‚ô¶Ô∏è\nThe Thursday Grind at St George Leagues is off and running with 8 entries to start off the first level. Plenty of time to come down and rego into our $7250 GTD tournament with late rego until 9:40pm.\n$120 entry\n30k starting stack\nUnlimited re-buys\nLate registration open until 9:40pm\n8/8 entries remaining\nTop 9 will receive $250 Sydney Million credits on top of their cash prizes as part of the $7250 GTD.\nFind more details;\nhttps://kingsroom.com.au/tournament"",""id"":""746910898136115"",""href"":""https://scontent-syd2-1.xx.fbcdn.net/v/t39.30808-6/515438261_746910901469448_5994246491962127238_n.jpg?stp=cp6_dst-jpg_tt6&_nc_cat=100&ccb=1-7&_nc_sid=833d8c&_nc_ohc=35K898zR170Q7kNvwGa-PPy&_nc_oc=AdnnaJ7kckSENRlL3YtVWSIRBxzwSetxBQ2rWaZdjWXBNRm4WzfXNt_tRULSJ0I8lNo&_nc_zt=23&_nc_ht=scontent-syd2-1.xx&_nc_gid=OFnS_YoOSUzSXZ36U2UMhA&oh=00_AflR3z4qaI6Ml7RArq8rULKD78aQVAHGZ1XGFYNC2OuC2g&oe=695445C5"",""accessibilityCaption"":""No photo description available.""}],""shareCount"":0,""createdAt"":1756371240,""_attachments"":[""515438261_746910901469448_5994246491962127238_n.jpg""],""parentFolder"":""kings_natan"",""_uploadedAttachments"":{""count"":1,""uploadedAt"":""2025-12-27T06:40:20.530Z"",""urls"":[""https://pokerpro-scraper-storage.s3.ap-southeast-2.amazonaws.com/social-media/post-attachments/ecefabae-4f56-4648-85ac-7458244277d2/746910898136115/1766817620531-9kv4ik-515438261_746910901469448_5994246491962127238_n.jpg""]},""post_id"":""746910898136115"",""postedAt"":""2025-08-28T08:54:00.000Z"",""scrapedAt"":""2025-12-26T10:07:58.512Z"",""folderName"":""20250828_KingsNatan_746910898136115_StGeorgeLeaguesThursdayGrindTh"",""attachedStoryAttachments"":null}",1,0,1766819423,IMAGE,"[""https://pokerpro-scraper-storage.s3.ap-southeast-2.amazonaws.com/social-media/post-attachments/ecefabae-4f56-4648-85ac-7458244277d2/746910898136115/1766817620531-9kv4ik-515438261_746910901469448_5994246491962127238_n.jpg""]",https://pokerpro-scraper-storage.s3.ap-southeast-2.amazonaws.com/social-media/post-attachments/ecefabae-4f56-4648-85ac-7458244277d2/746910898136115/1766817620531-9kv4ik-515438261_746910901469448_5994246491962127238_n.jpg,PENDING,FACEBOOK_746910898136115,ecefabae-4f56-4648-85ac-7458244277d2,"[""promotional"",""has-placements"",""has-entries"",""has-prize-pool"",""venue-detected""]",SocialPost,0,1766817623809,SocialPost-fosb7ek5argnhctz4odpt52eia-staging:2025-12-27,https://pokerpro-scraper-storage.s3.ap-southeast-2.amazonaws.com/social-media/page-logos/ecefabae-4f56-4648-85ac-7458244277d2/kings-natan-logo.jpg,0,2025-12-27T06:40:20.530Z,true,false,2025-12-27T06:40:23.781Z,0,0,FACEBOOK,2025-12-27T06:40:23.781Z,Kings.Natan,2025-08-28T08:54:00.000Z,false,false,,,,,
,,,,,,06:28:14.828:90982a76-2faf-44f0-9668-551ecfd4fd7e:1,,1,,1766818694,,,,,90982a76-2faf-44f0-9668-551ecfd4fd7e,,,UserAuditLog,,1766816894828,UserAuditLog-fosb7ek5argnhctz4odpt52eia-staging:2025-12-27,,,,,,2025-12-27T06:28:14.804Z,,,,2025-12-27T06:28:14.804Z,,,,,"Mozilla/5.0 (Macintosh; Intel Mac OS X 10_15_7) AppleWebKit/537.36 (KHTML, like Gecko) Chrome/143.0.0.0 Safari/537.36",VIEW_PAGE,690e14b8-b0b1-7096-cd66-f58fbd2e842a,,/settings/social-accounts
,,,,,,06:38:31.932:082cd87a-55ea-4127-8cd7-69d38cd82ebf:1,,1,,1766819311,,,,,082cd87a-55ea-4127-8cd7-69d38cd82ebf,,,UserAuditLog,,1766817511932,UserAuditLog-fosb7ek5argnhctz4odpt52eia-staging:2025-12-27,,,,,,2025-12-27T06:38:31.907Z,,,,2025-12-27T06:38:31.907Z,,,,,"Mozilla/5.0 (Macintosh; Intel Mac OS X 10_15_7) AppleWebKit/537.36 (KHTML, like Gecko) Chrome/143.0.0.0 Safari/537.36",VIEW_PAGE,690e14b8-b0b1-7096-cd66-f58fbd2e842a,,/settings/social-accounts
,,,,,,06:40:32.899:f8d28b5d-5646-48d4-803c-093eec7f32d2:1,,1,,1766819432,,,,,f8d28b5d-5646-48d4-803c-093eec7f32d2,,,UserAuditLog,,1766817632899,UserAuditLog-fosb7ek5argnhctz4odpt52eia-staging:2025-12-27,,,,,,2025-12-27T06:40:32.874Z,,,,2025-12-27T06:40:32.874Z,,,,,"Mozilla/5.0 (Macintosh; Intel Mac OS X 10_15_7) AppleWebKit/537.36 (KHTML, like Gecko) Chrome/143.0.0.0 Safari/537.36",VIEW_PAGE,690e14b8-b0b1-7096-cd66-f58fbd2e842a,,/games/dashboard
,,,,,,06:40:35.177:78b2e51b-c04f-4d01-82a4-dbff03767589:1,,1,,1766819435,,,,,78b2e51b-c04f-4d01-82a4-dbff03767589,,,UserAuditLog,,1766817635177,UserAuditLog-fosb7ek5argnhctz4odpt52eia-staging:2025-12-27,,,,,,2025-12-27T06:40:35.142Z,,,,2025-12-27T06:40:35.142Z,,,,,"Mozilla/5.0 (Macintosh; Intel Mac OS X 10_15_7) AppleWebKit/537.36 (KHTML, like Gecko) Chrome/143.0.0.0 Safari/537.36",VIEW_PAGE,690e14b8-b0b1-7096-cd66-f58fbd2e842a,,/games/details/dc95bd6f-62e1-45df-99f0-ed3c7d1bd67f